{
  "alpha": {
    "present": 70.0,
    "focus": 0.2664999999999998,
    "relp": 0.762988888888889,
    "suf": 83.33333333333333,
    "tok": 10828.6,
    "eff": 7.695670108170339,
    "testpoll": "15/90",
    "jn": 90
  },
  "beta": {
    "present": 83.33333333333333,
    "focus": 0.05126666666666667,
    "relp": 0.3999666666666667,
    "suf": 87.77777777777777,
    "tok": 6842.466666666666,
    "eff": 12.828382227331925,
    "testpoll": "0/90",
    "jn": 90
  },
  "gamma": {
    "present": 93.33333333333333,
    "focus": 0.12396666666666663,
    "relp": 0.45755555555555555,
    "suf": 86.66666666666667,
    "tok": 4570.866666666667,
    "eff": 18.96066391493955,
    "testpoll": "0/90",
    "jn": 90
  },
  "epsilon": {
    "present": 30.0,
    "focus": 0.19166666666666668,
    "relp": 0.496688888888889,
    "suf": 5.555555555555555,
    "tok": 195.26666666666668,
    "eff": 28.45112097416638,
    "testpoll": "0/90",
    "jn": 90
  },
  "delta": {
    "present": 96.66666666666667,
    "focus": 0.26319999999999993,
    "relp": 0.6516000000000001,
    "suf": 85.55555555555556,
    "tok": 4799.866666666667,
    "eff": 17.824569200996326,
    "testpoll": "0/90",
    "jn": 90
  }
}