{
  "alpha": {
    "present": 70.0,
    "focus": 0.2664999999999998,
    "relp": 0.7555999999999999,
    "suf": 80.0,
    "tok": 10828.6,
    "eff": 7.387843303843526,
    "testpoll": "15/90",
    "jn": 30
  },
  "beta": {
    "present": 83.33333333333333,
    "focus": 0.03369999999999999,
    "relp": 0.293,
    "suf": 80.0,
    "tok": 11811.044444444444,
    "eff": 6.773321392218582,
    "testpoll": "78/90",
    "jn": 30
  },
  "gamma": {
    "present": 83.33333333333333,
    "focus": 0.061399999999999975,
    "relp": 0.3717333333333334,
    "suf": 80.0,
    "tok": 7056.2,
    "eff": 11.337547121680226,
    "testpoll": "69/90",
    "jn": 30
  },
  "delta": {
    "present": 96.66666666666667,
    "focus": 0.26319999999999993,
    "relp": 0.6409333333333332,
    "suf": 86.66666666666667,
    "tok": 4767.055555555556,
    "eff": 18.180334937709045,
    "testpoll": "3/90",
    "jn": 30
  }
}